CREATE TABLE GENDERS (
                         ID INT UNSIGNED PRIMARY KEY,
                         NAME VARCHAR(255)
);

CREATE TABLE JOBS (
                      ID INT UNSIGNED PRIMARY KEY,
                      NAME VARCHAR(255),
                      SALARY DECIMAL(9, 2)
);

CREATE TABLE EMPLOYEES (
                           ID INT UNSIGNED PRIMARY KEY AUTO_INCREMENT,
                           GENDER_ID INT UNSIGNED,
                           JOB_ID INT UNSIGNED,
                           NAME VARCHAR(255),
                           LAST_NAME VARCHAR(255),
                           BIRTHDATE DATE,
                           FOREIGN KEY (GENDER_ID) REFERENCES GENDERS(ID),
                           FOREIGN KEY (JOB_ID) REFERENCES JOBS(ID)
);

CREATE TABLE EMPLOYEE_WORKED_HOURS (
                                       ID INT UNSIGNED PRIMARY KEY AUTO_INCREMENT,
                                       EMPLOYEE_ID INT UNSIGNED,
                                       WORKED_HOURS INT UNSIGNED,
                                       WORKED_DATE DATE,
                                       FOREIGN KEY (EMPLOYEE_ID) REFERENCES EMPLOYEES(ID)
);


INSERT INTO GENDERS (ID, NAME) VALUES (1, 'Male');
INSERT INTO GENDERS (ID, NAME) VALUES (2, 'Female');
INSERT INTO GENDERS (ID, NAME) VALUES (3, 'Other');

INSERT INTO JOBS (ID, NAME, SALARY) VALUES (1, 'Developer', 1000.00);
INSERT INTO JOBS (ID, NAME, SALARY) VALUES (2, 'Manager', 2000.00);
INSERT INTO JOBS (ID, NAME, SALARY) VALUES (3, 'Scrum Master', 1500.00);

INSERT INTO EMPLOYEES (ID, GENDER_ID, JOB_ID, NAME, LAST_NAME, BIRTHDATE) VALUES (1, 1, 1, 'John', 'Doe', '1990-01-01');
INSERT INTO EMPLOYEES (ID, GENDER_ID, JOB_ID, NAME, LAST_NAME, BIRTHDATE) VALUES (2, 2, 2, 'Jane', 'Doe', '1995-01-01');
INSERT INTO EMPLOYEES (ID, GENDER_ID, JOB_ID, NAME, LAST_NAME, BIRTHDATE) VALUES (3, 3, 3, 'Bob', 'Smith', '1980-01-01');
INSERT INTO EMPLOYEES (ID, GENDER_ID, JOB_ID, NAME, LAST_NAME, BIRTHDATE) VALUES (4, 2, 2, 'Alice', 'Smith', '1985-01-01');

INSERT INTO EMPLOYEE_WORKED_HOURS (ID, EMPLOYEE_ID, WORKED_HOURS, WORKED_DATE) VALUES (1, 1, 8, '2024-01-01');
INSERT INTO EMPLOYEE_WORKED_HOURS (ID, EMPLOYEE_ID, WORKED_HOURS, WORKED_DATE) VALUES (2, 1, 8, '2024-01-02');
INSERT INTO EMPLOYEE_WORKED_HOURS (ID, EMPLOYEE_ID, WORKED_HOURS, WORKED_DATE) VALUES (3, 1, 8, '2024-01-03');
INSERT INTO EMPLOYEE_WORKED_HOURS (ID, EMPLOYEE_ID, WORKED_HOURS, WORKED_DATE) VALUES (4, 2, 8, '2024-01-01');
INSERT INTO EMPLOYEE_WORKED_HOURS (ID, EMPLOYEE_ID, WORKED_HOURS, WORKED_DATE) VALUES (5, 2, 8, '2024-01-02');
INSERT INTO EMPLOYEE_WORKED_HOURS (ID, EMPLOYEE_ID, WORKED_HOURS, WORKED_DATE) VALUES (6, 2, 8, '2024-01-03');
INSERT INTO EMPLOYEE_WORKED_HOURS (ID, EMPLOYEE_ID, WORKED_HOURS, WORKED_DATE) VALUES (7, 3, 8, '2024-01-01');
INSERT INTO EMPLOYEE_WORKED_HOURS (ID, EMPLOYEE_ID, WORKED_HOURS, WORKED_DATE) VALUES (8, 3, 8, '2024-01-02');
INSERT INTO EMPLOYEE_WORKED_HOURS (ID, EMPLOYEE_ID, WORKED_HOURS, WORKED_DATE) VALUES (9, 3, 8, '2024-01-03');
INSERT INTO EMPLOYEE_WORKED_HOURS (ID, EMPLOYEE_ID, WORKED_HOURS, WORKED_DATE) VALUES (10, 4, 8, '2024-01-01');
INSERT INTO EMPLOYEE_WORKED_HOURS (ID, EMPLOYEE_ID, WORKED_HOURS, WORKED_DATE) VALUES (11, 4, 8, '2024-01-02');
INSERT INTO EMPLOYEE_WORKED_HOURS (ID, EMPLOYEE_ID, WORKED_HOURS, WORKED_DATE) VALUES (12, 4, 8, '2024-01-03');